<?xml version="1.0" encoding="utf-8" ?>
<component name="category_screen"
  extends="Group"
  >
  <script type="text/brightscript" uri="pkg:/components/screens/category_screen.brs" />
  <interface>
  <field id="category_selected"
          type="assocarray"
          alias="category_list.itemSelected"
      />
  </interface>

  <children>
    <Label
      translation="[75, 150]"
        id="env"
        font="font:LargeBoldSystemFont"
        text="PICK A PAGE:"/>
    <RadioButtonList
      id="category_list"
      translation="[100, 200]"
      itemSize="[400,48]"
    >
    <ContentNode id = "categories" role = "content" >
      <data_node title = "Screen A" feed_url="https://api.jsonbin.io/b/5b291f24e9276029e68f0892/4"/>
      <data_node title = "Screen B" feed_url="https://api.jsonbin.io/b/5b291f24e9276029e68f0892/4"/>
    </ContentNode>
    </RadioButtonList>
  </children>
</component>