<?xml version="1.0" encoding="utf-8" ?>
<component name="category_screen"
  extends="Group"
  >
  <script type="text/brightscript" uri="pkg:/components/screens/category_screen.brs" />
  <children>
    <!-- color="0x000000" -->
    <Label
      translation="[75, 150]"
        id="env"
        font="font:LargeBoldSystemFont"
        text="PICK A PAGE:"/>
    <RadioButtonList
      id="category_list"
      translation="[100, 200]"
      itemSize="[400,48]"
    >
    <ContentNode id = "categories" role = "content" >
      <ContentNode title = "Screen A"/>
      <ContentNode title = "Screen B"/>
    </ContentNode>
    </RadioButtonList>
  </children>
</component>